<?xml version="1.0" encoding="UTF-8"?>
<persistence xmlns="http://java.sun.com/xml/ns/persistence" version="2.0">

    <persistence-unit name="persistenceUnit">
        <class>com.inventories.model.BrandEntity</class>
        <class>com.inventories.model.BrandManufacturerEntity</class>
        <properties>
            <property name="toplink.jdbc.url" value="jdbc:postgresql://localhost:5432/inventories"/>
            <property name="toplink.jdbc.driver" value="org.postgresql.Driver"/>
            <property name="hibernate.connection.url" value="jdbc:postgresql://localhost:5432/inventories"/>
            <property name="hibernate.connection.driver_class" value="org.postgresql.Driver"/>
            <property name="openjpa.ConnectionURL" value="jdbc:postgresql://localhost:5432/inventories"/>
            <property name="openjpa.ConnectionDriverName" value="org.postgresql.Driver"/>
            <property name="eclipselink.jdbc.url" value="jdbc:postgresql://localhost:5432/inventories"/>
            <property name="eclipselink.jdbc.driver" value="org.postgresql.Driver"/>
        </properties>
    </persistence-unit>
</persistence>